{
    "mavpackettype": "AHRS",
    "omegaIx": 0.0020597288385033607,
    "omegaIy": -0.0071990881115198135,
    "omegaIz": -0.0038517594803124666,
    "accel_weight": 0.0,
    "renorm_val": 0.0,
    "error_rp": 0.006425878964364529,
    "error_yaw": 0.006915477570146322
}