{
    "mavpackettype": "ATTITUDE",
    "time_boot_ms": 127702,
    "roll": -0.002426356775686145,
    "pitch": -0.009134816937148571,
    "yaw": 0.4905494749546051,
    "rollspeed": 2.9245857149362564e-06,
    "pitchspeed": 0.00045635271817445755,
    "yawspeed": 0.0016657658852636814
}