{
    "mavpackettype": "LOCAL_POSITION_NED",
    "time_boot_ms": 127399,
    "x": -0.009248629212379456,
    "y": 0.005966892000287771,
    "z": -0.02200845442712307,
    "vx": -0.0036186270881444216,
    "vy": -0.0021365920547395945,
    "vz": -0.023640647530555725
}