{
    "mavpackettype": "AHRS",
    "omegaIx": 0.002438486088067293,
    "omegaIy": -0.010357622988522053,
    "omegaIz": -0.007472469471395016,
    "accel_weight": 0.0,
    "renorm_val": 0.0,
    "error_rp": 0.00224825250916183,
    "error_yaw": 0.009879269637167454
}