{
    "mavpackettype": "AHRS",
    "omegaIx": -0.0029344724025577307,
    "omegaIy": 0.001343279262073338,
    "omegaIz": -0.003906433004885912,
    "accel_weight": 0.0,
    "renorm_val": 0.0,
    "error_rp": 0.0006395840900950134,
    "error_yaw": 0.010609321296215057
}