{
    "mavpackettype": "AHRS",
    "omegaIx": 0.0027222733478993177,
    "omegaIy": -0.010586308315396309,
    "omegaIz": -0.009992232546210289,
    "accel_weight": 0.0,
    "renorm_val": 0.0,
    "error_rp": 0.000504555064253509,
    "error_yaw": 0.007227890193462372
}