{
    "mavpackettype": "AHRS",
    "omegaIx": 0.0028257970698177814,
    "omegaIy": -0.008054430596530437,
    "omegaIz": -0.008091198280453682,
    "accel_weight": 0.0,
    "renorm_val": 0.0,
    "error_rp": 0.0011671403190121055,
    "error_yaw": 0.012167523615062237
}