{
    "mavpackettype": "AHRS",
    "omegaIx": 0.0025641678366810083,
    "omegaIy": -0.014528968371450901,
    "omegaIz": -0.0068165333941578865,
    "accel_weight": 0.0,
    "renorm_val": 0.0,
    "error_rp": 0.000950867310166359,
    "error_yaw": 0.007963219657540321
}