{
    "mavpackettype": "AHRS",
    "omegaIx": 0.002495821798220277,
    "omegaIy": -0.006729131564497948,
    "omegaIz": -0.008913091383874416,
    "accel_weight": 0.0,
    "renorm_val": 0.0,
    "error_rp": 0.00082661013584584,
    "error_yaw": 0.010849184356629848
}