{
    "mavpackettype": "AHRS",
    "omegaIx": 0.002828167751431465,
    "omegaIy": -0.013146291486918926,
    "omegaIz": -0.007951849140226841,
    "accel_weight": 0.0,
    "renorm_val": 0.0,
    "error_rp": 0.0018884020391851664,
    "error_yaw": 0.006235301960259676
}