{
    "mavpackettype": "ATTITUDE",
    "time_boot_ms": 820020,
    "roll": -0.00644581438973546,
    "pitch": -0.011037111282348633,
    "yaw": 0.2607150673866272,
    "rollspeed": 0.0009085691999644041,
    "pitchspeed": -0.00011357851326465607,
    "yawspeed": 0.0002417396754026413
}