{
    "mavpackettype": "ATTITUDE",
    "time_boot_ms": 321141,
    "roll": -0.006622422020882368,
    "pitch": 0.015856178477406502,
    "yaw": 2.844451904296875,
    "rollspeed": 0.00010513653978705406,
    "pitchspeed": 0.0003286777064204216,
    "yawspeed": 0.00040052086114883423
}