{
    "mavpackettype": "ATTITUDE",
    "time_boot_ms": 563732,
    "roll": 0.0024810396134853363,
    "pitch": -0.001498701167292893,
    "yaw": 1.9717566967010498,
    "rollspeed": 0.00016099843196570873,
    "pitchspeed": -1.106318086385727e-05,
    "yawspeed": -0.0002735042944550514
}