{
    "mavpackettype": "ATTITUDE",
    "time_boot_ms": 589466,
    "roll": 0.043592698872089386,
    "pitch": -0.025538189336657524,
    "yaw": 0.5587696433067322,
    "rollspeed": 0.0005538095720112324,
    "pitchspeed": -0.0003025536425411701,
    "yawspeed": 6.04093074798584e-05
}