{
    "mavpackettype": "ATTITUDE",
    "time_boot_ms": 231728,
    "roll": -0.013074339367449284,
    "pitch": -0.018257683143019676,
    "yaw": 0.7194122076034546,
    "rollspeed": 0.0008877525106072426,
    "pitchspeed": 0.00010816939175128937,
    "yawspeed": 0.00031086383387446404
}