{
    "mavpackettype": "ATTITUDE",
    "time_boot_ms": 5429235,
    "roll": -0.0031060248147696257,
    "pitch": -0.0014870287850499153,
    "yaw": 0.4155943989753723,
    "rollspeed": 0.000902554951608181,
    "pitchspeed": 0.0003096889704465866,
    "yawspeed": -0.000840228982269764
}