{
    "mavpackettype": "ATTITUDE",
    "time_boot_ms": 951964,
    "roll": 0.04333245009183884,
    "pitch": -0.024169497191905975,
    "yaw": 0.5547040104866028,
    "rollspeed": 0.0027323225513100624,
    "pitchspeed": 0.005380237475037575,
    "yawspeed": -0.002783291507512331
}