{
    "mavpackettype": "LOCAL_POSITION_NED",
    "time_boot_ms": 5428922,
    "x": 84.69076538085938,
    "y": -81.21198272705078,
    "z": -0.15519455075263977,
    "vx": 0.000240695895627141,
    "vy": -0.0015048363711684942,
    "vz": 0.001353411702439189
}