{
    "mavpackettype": "LOCAL_POSITION_NED",
    "time_boot_ms": 658826,
    "x": -6187.47802734375,
    "y": -7048.40771484375,
    "z": 1.5262233018875122,
    "vx": 0.005806945264339447,
    "vy": 0.001137773273512721,
    "vz": -0.0003154675359837711
}