{
    "mavpackettype": "LOCAL_POSITION_NED",
    "time_boot_ms": 819725,
    "x": 18.092723846435547,
    "y": 1.26937735080719,
    "z": -0.15583497285842896,
    "vx": -0.0012119149323552847,
    "vy": -0.0009884503670036793,
    "vz": -0.0006723584956489503
}