{
    "mavpackettype": "LOCAL_POSITION_NED",
    "time_boot_ms": 323039,
    "x": 10.596144676208496,
    "y": 6.715534210205078,
    "z": 0.9634475708007812,
    "vx": 0.0006928183138370514,
    "vy": -0.0009025777108035982,
    "vz": -0.014080483466386795
}