{
    "mavpackettype": "LOCAL_POSITION_NED",
    "time_boot_ms": 233815,
    "x": -0.11175437271595001,
    "y": -0.27194955945014954,
    "z": -0.3846694827079773,
    "vx": -0.0001550862507428974,
    "vy": 0.0005641922471113503,
    "vz": -0.016002550721168518
}